{
  "last_empty_alert": 1783775067.0026324,
  "last_blocked_sig": "1|1\u00d7meta",
  "last_blocked_alert": 1783818923.3119338
}